country,risk_factor,exposure_g_per_day,source_country,source_year
AFG,fruits,80.21824543,AFG,2020
AFG,legumes,1.791960205,AFG,2020
AFG,nuts_seeds,1.959246236,AFG,2020
AFG,omega3,0.02350782723,AFG,2020
AFG,processed_meat,1.44785564,AFG,2020
AFG,red_meat,19.61771394,AFG,2020
AFG,vegetables,39.44530114,AFG,2020
AFG,whole_grains,37.07765081,AFG,2020
AGO,fruits,68.58400966,AGO,2020
AGO,legumes,5.589821784,AGO,2020
AGO,nuts_seeds,3.508499547,AGO,2020
AGO,omega3,0.3374035144,AGO,2020
AGO,processed_meat,4.866170042,AGO,2020
AGO,red_meat,21.92992595,AGO,2020
AGO,vegetables,29.55652512,AGO,2020
AGO,whole_grains,51.95156757,AGO,2020
ALB,fruits,304.4296164,ALB,2020
ALB,legumes,4.942332694,ALB,2020
ALB,nuts_seeds,3.348383861,ALB,2020
ALB,omega3,0.1929087426,ALB,2020
ALB,processed_meat,20.31213352,ALB,2020
ALB,red_meat,54.34339585,ALB,2020
ALB,vegetables,392.7715602,ALB,2020
ALB,whole_grains,26.73618854,ALB,2020
ARE,fruits,126.0000086,ARE,2020
ARE,legumes,17.30110804,ARE,2020
ARE,nuts_seeds,6.186575006,ARE,2020
ARE,omega3,0.483988916,ARE,2020
ARE,processed_meat,4.298906637,ARE,2020
ARE,red_meat,32.81960636,ARE,2020
ARE,vegetables,118.6767515,ARE,2020
ARE,whole_grains,18.65116783,ARE,2020
ARG,fruits,154.840223,ARG,2020
ARG,legumes,3.229255577,ARG,2020
ARG,nuts_seeds,0.7747710702,ARG,2020
ARG,omega3,0.2355690863,ARG,2020
ARG,processed_meat,8.845589605,ARG,2020
ARG,red_meat,121.4995476,ARG,2020
ARG,vegetables,107.8615691,ARG,2020
ARG,whole_grains,32.66462271,ARG,2020
ARM,fruits,208.7086614,ARM,2020
ARM,legumes,1.269720639,ARM,2020
ARM,nuts_seeds,1.604011533,ARM,2020
ARM,omega3,0.2005908601,ARM,2020
ARM,processed_meat,9.121457015,ARM,2020
ARM,red_meat,60.5155334,ARM,2020
ARM,vegetables,279.8778844,ARM,2020
ARM,whole_grains,42.3065672,ARM,2020
ASM,fruits,165.7977802,ASM,2020
ASM,legumes,10.31421495,ASM,2020
ASM,nuts_seeds,3.513469917,ASM,2020
ASM,omega3,1.081475188,ASM,2020
ASM,processed_meat,1.665815996,ASM,2020
ASM,red_meat,38.0828082,ASM,2020
ASM,vegetables,59.61850687,ASM,2020
ASM,whole_grains,9.845139058,ASM,2020
ATG,fruits,152.6638459,ATG,2020
ATG,legumes,3.342286463,ATG,2020
ATG,nuts_seeds,0.6841143071,ATG,2020
ATG,omega3,0.6412906293,ATG,2020
ATG,processed_meat,8.143488662,ATG,2020
ATG,red_meat,23.63467276,ATG,2020
ATG,vegetables,85.84006268,ATG,2020
ATG,whole_grains,13.24390413,ATG,2020
AUS,fruits,125.6717358,AUS,2020
AUS,legumes,5.029349529,AUS,2020
AUS,nuts_seeds,5.999159654,AUS,2020
AUS,omega3,0.5021530596,AUS,2020
AUS,processed_meat,16.40655012,AUS,2020
AUS,red_meat,102.4844882,AUS,2020
AUS,vegetables,128.2613707,AUS,2020
AUS,whole_grains,18.03879083,AUS,2020
AUT,fruits,160.763341,AUT,2020
AUT,legumes,2.727447336,AUT,2020
AUT,nuts_seeds,5.031031607,AUT,2020
AUT,omega3,0.4758582358,AUT,2020
AUT,processed_meat,17.74663231,AUT,2020
AUT,red_meat,75.62634304,AUT,2020
AUT,vegetables,147.8571025,AUT,2020
AUT,whole_grains,37.81713169,AUT,2020
AZE,fruits,149.3929863,AZE,2020
AZE,legumes,1.268402421,AZE,2020
AZE,nuts_seeds,2.382975171,AZE,2020
AZE,omega3,0.1190375467,AZE,2020
AZE,processed_meat,10.21783264,AZE,2020
AZE,red_meat,42.39393345,AZE,2020
AZE,vegetables,247.2802112,AZE,2020
AZE,whole_grains,44.07986906,AZE,2020
BDI,fruits,124.0945608,BDI,2020
BDI,legumes,17.40666671,BDI,2020
BDI,nuts_seeds,0.5133260179,BDI,2020
BDI,omega3,0.07298931112,BDI,2020
BDI,processed_meat,1.003196014,BDI,2020
BDI,red_meat,5.18086941,BDI,2020
BDI,vegetables,27.81300573,BDI,2020
BDI,whole_grains,26.41549017,BDI,2020
BEL,fruits,125.3212243,BEL,2020
BEL,legumes,5.224875073,BEL,2020
BEL,nuts_seeds,3.903661394,BEL,2020
BEL,omega3,0.4986361254,BEL,2020
BEL,processed_meat,23.15148183,BEL,2020
BEL,red_meat,63.62831442,BEL,2020
BEL,vegetables,192.3589953,BEL,2020
BEL,whole_grains,20.15242006,BEL,2020
BEN,fruits,50.69188767,BEN,2020
BEN,legumes,7.468525241,BEN,2020
BEN,nuts_seeds,9.214123778,BEN,2020
BEN,omega3,0.3305297072,BEN,2020
BEN,processed_meat,4.23379016,BEN,2020
BEN,red_meat,12.0470022,BEN,2020
BEN,vegetables,88.67628939,BEN,2020
BEN,whole_grains,53.42812948,BEN,2020
BFA,fruits,13.52533032,BFA,2020
BFA,legumes,13.33826842,BFA,2020
BFA,nuts_seeds,16.6090505,BFA,2020
BFA,omega3,0.1455158811,BFA,2020
BFA,processed_meat,3.660739539,BFA,2020
BFA,red_meat,31.67684883,BFA,2020
BFA,vegetables,26.63774005,BFA,2020
BFA,whole_grains,155.0707191,BFA,2020
BGD,fruits,41.21269204,BGD,2020
BGD,legumes,4.987202265,BGD,2020
BGD,nuts_seeds,0.8652639188,BGD,2020
BGD,omega3,0.8123795984,BGD,2020
BGD,processed_meat,2.763704963,BGD,2020
BGD,red_meat,6.210061055,BGD,2020
BGD,vegetables,44.06807609,BGD,2020
BGD,whole_grains,4.227850462,BGD,2020
BGR,fruits,94.95286773,BGR,2020
BGR,legumes,3.375308328,BGR,2020
BGR,nuts_seeds,3.344826399,BGR,2020
BGR,omega3,0.2067753577,BGR,2020
BGR,processed_meat,13.02590022,BGR,2020
BGR,red_meat,47.31414761,BGR,2020
BGR,vegetables,183.8373386,BGR,2020
BGR,whole_grains,42.31631966,BGR,2020
BHS,fruits,152.8598697,BHS,2020
BHS,legumes,0.7159260885,BHS,2020
BHS,nuts_seeds,2.191689148,BHS,2020
BHS,omega3,0.4628658791,BHS,2020
BHS,processed_meat,9.955097332,BHS,2020
BHS,red_meat,43.18687585,BHS,2020
BHS,vegetables,121.4891712,BHS,2020
BHS,whole_grains,18.05941848,BHS,2020
BIH,fruits,162.399848,BIH,2020
BIH,legumes,4.799251256,BIH,2020
BIH,nuts_seeds,2.26318489,BIH,2020
BIH,omega3,0.1545693972,BIH,2020
BIH,processed_meat,7.298797972,BIH,2020
BIH,red_meat,31.69660519,BIH,2020
BIH,vegetables,227.9544051,BIH,2020
BIH,whole_grains,51.40497402,BIH,2020
BLR,fruits,105.4303873,BLR,2020
BLR,legumes,0.6989949634,BLR,2020
BLR,nuts_seeds,2.455272671,BLR,2020
BLR,omega3,0.3407277362,BLR,2020
BLR,processed_meat,23.58117286,BLR,2020
BLR,red_meat,71.64355124,BLR,2020
BLR,vegetables,241.0416025,BLR,2020
BLR,whole_grains,44.22354592,BLR,2020
BLZ,fruits,154.0661243,BLZ,2020
BLZ,legumes,9.254761564,BLZ,2020
BLZ,nuts_seeds,1.641893525,BLZ,2020
BLZ,omega3,0.2068660547,BLZ,2020
BLZ,processed_meat,2.757518312,BLZ,2020
BLZ,red_meat,17.67650278,BLZ,2020
BLZ,vegetables,60.63923106,BLZ,2020
BLZ,whole_grains,44.2895458,BLZ,2020
BOL,fruits,121.0672203,BOL,2020
BOL,legumes,6.424594883,BOL,2020
BOL,nuts_seeds,8.206203021,BOL,2020
BOL,omega3,0.1685693408,BOL,2020
BOL,processed_meat,1.376805659,BOL,2020
BOL,red_meat,53.23420696,BOL,2020
BOL,vegetables,59.96302469,BOL,2020
BOL,whole_grains,35.78843086,BOL,2020
BRA,fruits,154.0757947,BRA,2020
BRA,legumes,14.69180968,BRA,2020
BRA,nuts_seeds,3.220070719,BRA,2020
BRA,omega3,0.3275072149,BRA,2020
BRA,processed_meat,5.035040386,BRA,2020
BRA,red_meat,81.46071395,BRA,2020
BRA,vegetables,82.34289781,BRA,2020
BRA,whole_grains,37.05394087,BRA,2020
BRB,fruits,87.66037456,BRB,2020
BRB,legumes,5.134642909,BRB,2020
BRB,nuts_seeds,4.635455437,BRB,2020
BRB,omega3,0.5854257428,BRB,2020
BRB,processed_meat,3.785889085,BRB,2020
BRB,red_meat,31.71131996,BRB,2020
BRB,vegetables,92.7609161,BRB,2020
BRB,whole_grains,27.23338825,BRB,2020
BRN,fruits,98.59540235,BRN,2020
BRN,legumes,5.304166629,BRN,2020
BRN,nuts_seeds,4.168872898,BRN,2020
BRN,omega3,0.659654442,BRN,2020
BRN,processed_meat,17.52216772,BRN,2020
BRN,red_meat,30.87498377,BRN,2020
BRN,vegetables,82.2265648,BRN,2020
BRN,whole_grains,30.07825636,BRN,2020
BTN,fruits,40.91386312,BTN,2020
BTN,legumes,6.570263737,BTN,2020
BTN,nuts_seeds,10.13778024,BTN,2020
BTN,omega3,0.1761750802,BTN,2020
BTN,processed_meat,4.037838026,BTN,2020
BTN,red_meat,15.35770096,BTN,2020
BTN,vegetables,109.0401151,BTN,2020
BTN,whole_grains,42.80360737,BTN,2020
BWA,fruits,26.84915972,BWA,2020
BWA,legumes,3.543557675,BWA,2020
BWA,nuts_seeds,1.177756198,BWA,2020
BWA,omega3,0.08046162636,BWA,2020
BWA,processed_meat,7.79038609,BWA,2020
BWA,red_meat,33.35564745,BWA,2020
BWA,vegetables,47.09363783,BWA,2020
BWA,whole_grains,90.77992783,BWA,2020
CAF,fruits,57.74993788,CAF,2020
CAF,legumes,5.506710006,CAF,2020
CAF,nuts_seeds,10.01389062,CAF,2020
CAF,omega3,0.226930047,CAF,2020
CAF,processed_meat,1.331583936,CAF,2020
CAF,red_meat,58.8958019,CAF,2020
CAF,vegetables,10.61531601,CAF,2020
CAF,whole_grains,33.40968717,CAF,2020
CAN,fruits,177.2877796,CAN,2020
CAN,legumes,6.819147753,CAN,2020
CAN,nuts_seeds,7.818703063,CAN,2020
CAN,omega3,0.4792354679,CAN,2020
CAN,processed_meat,23.27274056,CAN,2020
CAN,red_meat,63.44806226,CAN,2020
CAN,vegetables,123.5390048,CAN,2020
CAN,whole_grains,34.55733112,CAN,2020
CHE,fruits,149.1856152,CHE,2020
CHE,legumes,2.054367586,CHE,2020
CHE,nuts_seeds,5.79313219,CHE,2020
CHE,omega3,0.4081517032,CHE,2020
CHE,processed_meat,18.25093359,CHE,2020
CHE,red_meat,77.82005358,CHE,2020
CHE,vegetables,121.2213342,CHE,2020
CHE,whole_grains,17.80955806,CHE,2020
CHL,fruits,131.6973864,CHL,2020
CHL,legumes,5.697660986,CHL,2020
CHL,nuts_seeds,3.103427521,CHL,2020
CHL,omega3,0.3152980467,CHL,2020
CHL,processed_meat,25.90273064,CHL,2020
CHL,red_meat,76.28818269,CHL,2020
CHL,vegetables,118.6509841,CHL,2020
CHL,whole_grains,32.47430599,CHL,2020
CHN,fruits,96.18675863,CHN,2020
CHN,legumes,4.804335311,CHN,2020
CHN,nuts_seeds,6.684311023,CHN,2020
CHN,omega3,0.4367079494,CHN,2020
CHN,processed_meat,3.463476074,CHN,2020
CHN,red_meat,65.93713042,CHN,2020
CHN,vegetables,377.2888732,CHN,2020
CHN,whole_grains,31.62789248,CHN,2020
CIV,fruits,89.87910286,CIV,2020
CIV,legumes,1.902077368,CIV,2020
CIV,nuts_seeds,6.604930359,CIV,2020
CIV,omega3,0.3141067732,CIV,2020
CIV,processed_meat,5.404872222,CIV,2020
CIV,red_meat,24.39038491,CIV,2020
CIV,vegetables,41.81718647,CIV,2020
CIV,whole_grains,31.98406301,CIV,2020
CMR,fruits,131.754849,CMR,2020
CMR,legumes,12.80663725,CMR,2020
CMR,nuts_seeds,15.8133729,CMR,2020
CMR,omega3,0.3388993442,CMR,2020
CMR,processed_meat,5.037115609,CMR,2020
CMR,red_meat,19.8847814,CMR,2020
CMR,vegetables,131.4290244,CMR,2020
CMR,whole_grains,83.59434411,CMR,2020
COD,fruits,84.491843,COD,2020
COD,legumes,3.023091304,COD,2020
COD,nuts_seeds,4.453443958,COD,2020
COD,omega3,0.1576284859,COD,2020
COD,processed_meat,1.154689337,COD,2020
COD,red_meat,4.884000622,COD,2020
COD,vegetables,9.268087987,COD,2020
COD,whole_grains,28.99581004,COD,2020
COG,fruits,63.62016685,COG,2020
COG,legumes,2.33961471,COG,2020
COG,nuts_seeds,4.301251319,COG,2020
COG,omega3,0.5550323731,COG,2020
COG,processed_meat,3.812870246,COG,2020
COG,red_meat,30.52904921,COG,2020
COG,vegetables,19.64303707,COG,2020
COG,whole_grains,12.37940447,COG,2020
COL,fruits,174.911573,COL,2020
COL,legumes,8.331689629,COL,2020
COL,nuts_seeds,0.9114683419,COL,2020
COL,omega3,0.2876927612,COL,2020
COL,processed_meat,3.967395804,COL,2020
COL,red_meat,43.31432961,COL,2020
COL,vegetables,85.49492152,COL,2020
COL,whole_grains,39.75227409,COL,2020
COM,fruits,157.7204951,COM,2020
COM,legumes,11.55967823,COM,2020
COM,nuts_seeds,2.40099971,COM,2020
COM,omega3,0.3089941352,COM,2020
COM,processed_meat,1.81017618,COM,2020
COM,red_meat,12.41060733,COM,2020
COM,vegetables,18.51379348,COM,2020
COM,whole_grains,13.42603717,COM,2020
CPV,fruits,60.07576148,CPV,2020
CPV,legumes,7.556808439,CPV,2020
CPV,nuts_seeds,5.738907911,CPV,2020
CPV,omega3,0.2558020474,CPV,2020
CPV,processed_meat,9.769103056,CPV,2020
CPV,red_meat,20.09467724,CPV,2020
CPV,vegetables,116.5572916,CPV,2020
CPV,whole_grains,71.61381147,CPV,2020
CRI,fruits,126.1783248,CRI,2020
CRI,legumes,7.585356859,CRI,2020
CRI,nuts_seeds,1.787756864,CRI,2020
CRI,omega3,0.3812967097,CRI,2020
CRI,processed_meat,3.575933464,CRI,2020
CRI,red_meat,33.27388059,CRI,2020
CRI,vegetables,76.46393127,CRI,2020
CRI,whole_grains,25.94235958,CRI,2020
CUB,fruits,180.4427019,CUB,2020
CUB,legumes,12.63460664,CUB,2020
CUB,nuts_seeds,0.4890957444,CUB,2020
CUB,omega3,0.2302125771,CUB,2020
CUB,processed_meat,1.762960528,CUB,2020
CUB,red_meat,45.39658572,CUB,2020
CUB,vegetables,171.4518621,CUB,2020
CUB,whole_grains,36.60985716,CUB,2020
CYP,fruits,137.4972221,CYP,2020
CYP,legumes,3.507524613,CYP,2020
CYP,nuts_seeds,5.016858403,CYP,2020
CYP,omega3,0.43270882,CYP,2020
CYP,processed_meat,21.80595403,CYP,2020
CYP,red_meat,55.24443699,CYP,2020
CYP,vegetables,98.68353304,CYP,2020
CYP,whole_grains,33.71865551,CYP,2020
CZE,fruits,94.78041133,CZE,2020
CZE,legumes,1.876858578,CZE,2020
CZE,nuts_seeds,2.339092413,CZE,2020
CZE,omega3,0.2769536171,CZE,2020
CZE,processed_meat,17.09379181,CZE,2020
CZE,red_meat,60.20604183,CZE,2020
CZE,vegetables,113.8426292,CZE,2020
CZE,whole_grains,26.17636308,CZE,2020
DEU,fruits,156.0872755,DEU,2020
DEU,legumes,1.614186454,DEU,2020
DEU,nuts_seeds,5.776831691,DEU,2020
DEU,omega3,0.358326735,DEU,2020
DEU,processed_meat,31.51195394,DEU,2020
DEU,red_meat,71.87583369,DEU,2020
DEU,vegetables,135.9912636,DEU,2020
DEU,whole_grains,33.91422562,DEU,2020
DJI,fruits,26.36883655,DJI,2020
DJI,legumes,7.816797212,DJI,2020
DJI,nuts_seeds,1.315755975,DJI,2020
DJI,omega3,0.06959566044,DJI,2020
DJI,processed_meat,3.870501356,DJI,2020
DJI,red_meat,23.58233601,DJI,2020
DJI,vegetables,80.25527303,DJI,2020
DJI,whole_grains,27.63374533,DJI,2020
DNK,fruits,127.4063794,DNK,2020
DNK,legumes,1.610526244,DNK,2020
DNK,nuts_seeds,3.935876505,DNK,2020
DNK,omega3,0.4665394173,DNK,2020
DNK,processed_meat,22.54979132,DNK,2020
DNK,red_meat,54.56906544,DNK,2020
DNK,vegetables,156.6118402,DNK,2020
DNK,whole_grains,34.30892636,DNK,2020
DOM,fruits,432.7056751,DOM,2020
DOM,legumes,6.877816313,DOM,2020
DOM,nuts_seeds,0.4446827628,DOM,2020
DOM,omega3,0.2565754073,DOM,2020
DOM,processed_meat,4.263492436,DOM,2020
DOM,red_meat,25.76967319,DOM,2020
DOM,vegetables,100.1343398,DOM,2020
DOM,whole_grains,10.57467341,DOM,2020
DZA,fruits,214.5259992,DZA,2020
DZA,legumes,9.662971905,DZA,2020
DZA,nuts_seeds,1.913223124,DZA,2020
DZA,omega3,0.1108223988,DZA,2020
DZA,processed_meat,2.462077971,DZA,2020
DZA,red_meat,26.94049106,DZA,2020
DZA,vegetables,199.6257283,DZA,2020
DZA,whole_grains,44.26487426,DZA,2020
ECU,fruits,117.0923097,ECU,2020
ECU,legumes,2.331501901,ECU,2020
ECU,nuts_seeds,1.78913214,ECU,2020
ECU,omega3,0.2128827278,ECU,2020
ECU,processed_meat,6.201335264,ECU,2020
ECU,red_meat,48.15926998,ECU,2020
ECU,vegetables,53.73710367,ECU,2020
ECU,whole_grains,47.24867544,ECU,2020
EGY,fruits,199.1257179,EGY,2020
EGY,legumes,10.49226169,EGY,2020
EGY,nuts_seeds,2.354094573,EGY,2020
EGY,omega3,0.5855946975,EGY,2020
EGY,processed_meat,3.615784797,EGY,2020
EGY,red_meat,26.36435631,EGY,2020
EGY,vegetables,305.8818867,EGY,2020
EGY,whole_grains,81.69232497,EGY,2020
ERI,fruits,59.18520224,ERI,2020
ERI,legumes,8.722597279,ERI,2020
ERI,nuts_seeds,1.913567146,ERI,2020
ERI,omega3,0.1446914488,ERI,2020
ERI,processed_meat,1.626961141,ERI,2020
ERI,red_meat,16.19538593,ERI,2020
ERI,vegetables,33.18640572,ERI,2020
ERI,whole_grains,57.32175786,ERI,2020
ESP,fruits,193.5341628,ESP,2020
ESP,legumes,6.343317547,ESP,2020
ESP,nuts_seeds,5.789074724,ESP,2020
ESP,omega3,0.622122253,ESP,2020
ESP,processed_meat,20.69306076,ESP,2020
ESP,red_meat,77.91294206,ESP,2020
ESP,vegetables,165.7198642,ESP,2020
ESP,whole_grains,18.30479532,ESP,2020
EST,fruits,112.8431606,EST,2020
EST,legumes,2.750517581,EST,2020
EST,nuts_seeds,2.745414729,EST,2020
EST,omega3,0.958374631,EST,2020
EST,processed_meat,54.26693651,EST,2020
EST,red_meat,41.11180654,EST,2020
EST,vegetables,140.0869674,EST,2020
EST,whole_grains,40.74909736,EST,2020
ETH,fruits,13.25193539,ETH,2020
ETH,legumes,15.92955841,ETH,2020
ETH,nuts_seeds,1.5236295,ETH,2020
ETH,omega3,0.02758253166,ETH,2020
ETH,processed_meat,2.261605584,ETH,2020
ETH,red_meat,13.87986294,ETH,2020
ETH,vegetables,27.5476644,ETH,2020
ETH,whole_grains,152.7539184,ETH,2020
FIN,fruits,123.5253136,FIN,2020
FIN,legumes,1.606744024,FIN,2020
FIN,nuts_seeds,2.719881272,FIN,2020
FIN,omega3,1.070672615,FIN,2020
FIN,processed_meat,17.2089324,FIN,2020
FIN,red_meat,74.68652373,FIN,2020
FIN,vegetables,126.8030068,FIN,2020
FIN,whole_grains,36.91815745,FIN,2020
FJI,fruits,56.60227987,FJI,2020
FJI,legumes,6.497270161,FJI,2020
FJI,nuts_seeds,2.723540885,FJI,2020
FJI,omega3,0.5812212795,FJI,2020
FJI,processed_meat,1.67409942,FJI,2020
FJI,red_meat,26.83117951,FJI,2020
FJI,vegetables,77.31587028,FJI,2020
FJI,whole_grains,14.03733397,FJI,2020
FRA,fruits,128.194915,FRA,2020
FRA,legumes,3.951915593,FRA,2020
FRA,nuts_seeds,3.920607908,FRA,2020
FRA,omega3,0.544463035,FRA,2020
FRA,processed_meat,22.69572351,FRA,2020
FRA,red_meat,91.34336304,FRA,2020
FRA,vegetables,119.621798,FRA,2020
FRA,whole_grains,28.469707,FRA,2020
GAB,fruits,190.8849993,GAB,2020
GAB,legumes,6.639812853,GAB,2020
GAB,nuts_seeds,12.5863157,GAB,2020
GAB,omega3,0.7119305896,GAB,2020
GAB,processed_meat,7.69740772,GAB,2020
GAB,red_meat,56.12226914,GAB,2020
GAB,vegetables,38.99796976,GAB,2020
GAB,whole_grains,27.3728925,GAB,2020
GBR,fruits,126.5217226,GBR,2020
GBR,legumes,4.286490617,GBR,2020
GBR,nuts_seeds,2.932012419,GBR,2020
GBR,omega3,0.5403857765,GBR,2020
GBR,processed_meat,30.582484,GBR,2020
GBR,red_meat,60.65809241,GBR,2020
GBR,vegetables,129.297451,GBR,2020
GBR,whole_grains,25.43282197,GBR,2020
GEO,fruits,85.26903716,GEO,2020
GEO,legumes,0.2193435577,GEO,2020
GEO,nuts_seeds,2.550621987,GEO,2020
GEO,omega3,0.2144982504,GEO,2020
GEO,processed_meat,8.230793329,GEO,2020
GEO,red_meat,25.23606157,GEO,2020
GEO,vegetables,111.6760331,GEO,2020
GEO,whole_grains,50.8503106,GEO,2020
GHA,fruits,188.1920822,GHA,2020
GHA,legumes,5.208216563,GHA,2020
GHA,nuts_seeds,7.74156475,GHA,2020
GHA,omega3,0.5403571881,GHA,2020
GHA,processed_meat,5.0027043,GHA,2020
GHA,red_meat,14.58649399,GHA,2020
GHA,vegetables,72.84710762,GHA,2020
GHA,whole_grains,45.73284493,GHA,2020
GIN,fruits,119.4943632,GIN,2020
GIN,legumes,3.254220239,GIN,2020
GIN,nuts_seeds,7.63280513,GIN,2020
GIN,omega3,0.2455098865,GIN,2020
GIN,processed_meat,3.592793503,GIN,2020
GIN,red_meat,21.80637141,GIN,2020
GIN,vegetables,31.22389823,GIN,2020
GIN,whole_grains,26.1396007,GIN,2020
GMB,fruits,7.325284193,GMB,2020
GMB,legumes,0.8727738591,GMB,2020
GMB,nuts_seeds,11.49976859,GMB,2020
GMB,omega3,0.3530449006,GMB,2020
GMB,processed_meat,3.61360425,GMB,2020
GMB,red_meat,8.043382572,GMB,2020
GMB,vegetables,27.7805857,GMB,2020
GMB,whole_grains,58.1183974,GMB,2020
GNB,fruits,62.20923079,GNB,2020
GNB,legumes,1.602871341,GNB,2020
GNB,nuts_seeds,8.172502993,GNB,2020
GNB,omega3,0.03981969941,GNB,2020
GNB,processed_meat,4.071847784,GNB,2020
GNB,red_meat,25.03846252,GNB,2020
GNB,vegetables,19.81756141,GNB,2020
GNB,whole_grains,26.06075614,GNB,2020
GNQ,fruits,142.7516086,GNQ,2020
GNQ,legumes,8.064175183,GNQ,2020
GNQ,nuts_seeds,18.32866704,GNQ,2020
GNQ,omega3,1.059224194,GNQ,2020
GNQ,processed_meat,8.515662267,GNQ,2020
GNQ,red_meat,37.31872918,GNQ,2020
GNQ,vegetables,38.70250206,GNQ,2020
GNQ,whole_grains,35.01062377,GNQ,2020
GRC,fruits,266.4677262,GRC,2020
GRC,legumes,5.666507862,GRC,2020
GRC,nuts_seeds,6.652080059,GRC,2020
GRC,omega3,0.328989394,GRC,2020
GRC,processed_meat,9.361979988,GRC,2020
GRC,red_meat,64.54677548,GRC,2020
GRC,vegetables,236.295108,GRC,2020
GRC,whole_grains,21.32884891,GRC,2020
GRD,fruits,182.8483958,GRD,2020
GRD,legumes,3.445304801,GRD,2020
GRD,nuts_seeds,0.9073930966,GRD,2020
GRD,omega3,0.5040332463,GRD,2020
GRD,processed_meat,4.578879007,GRD,2020
GRD,red_meat,19.32144671,GRD,2020
GRD,vegetables,86.38651587,GRD,2020
GRD,whole_grains,17.2483717,GRD,2020
GTM,fruits,90.7558451,GTM,2020
GTM,legumes,9.803612506,GTM,2020
GTM,nuts_seeds,4.22850113,GTM,2020
GTM,omega3,0.1465672888,GTM,2020
GTM,processed_meat,2.62649306,GTM,2020
GTM,red_meat,26.03582368,GTM,2020
GTM,vegetables,82.98624446,GTM,2020
GTM,whole_grains,111.8376711,GTM,2020
GUF,fruits,128.194915,FRA,2020
GUF,legumes,3.951915593,FRA,2020
GUF,nuts_seeds,3.920607908,FRA,2020
GUF,omega3,0.544463035,FRA,2020
GUF,processed_meat,22.69572351,FRA,2020
GUF,red_meat,91.34336304,FRA,2020
GUF,vegetables,119.621798,FRA,2020
GUF,whole_grains,28.469707,FRA,2020
GUY,fruits,254.3270898,GUY,2020
GUY,legumes,8.734318245,GUY,2020
GUY,nuts_seeds,2.873888233,GUY,2020
GUY,omega3,0.5517510007,GUY,2020
GUY,processed_meat,2.988335371,GUY,2020
GUY,red_meat,10.78878073,GUY,2020
GUY,vegetables,214.3057681,GUY,2020
GUY,whole_grains,13.00859614,GUY,2020
HND,fruits,81.86362625,HND,2020
HND,legumes,7.442094469,HND,2020
HND,nuts_seeds,0.514727627,HND,2020
HND,omega3,0.1388491389,HND,2020
HND,processed_meat,1.840201474,HND,2020
HND,red_meat,18.99953575,HND,2020
HND,vegetables,48.15902521,HND,2020
HND,whole_grains,96.26280541,HND,2020
HRV,fruits,128.2228982,HRV,2020
HRV,legumes,1.14921676,HRV,2020
HRV,nuts_seeds,3.127892618,HRV,2020
HRV,omega3,0.2994516357,HRV,2020
HRV,processed_meat,6.097860106,HRV,2020
HRV,red_meat,62.50976029,HRV,2020
HRV,vegetables,107.65163,HRV,2020
HRV,whole_grains,25.23790072,HRV,2020
HTI,fruits,133.2314651,HTI,2020
HTI,legumes,8.702078591,HTI,2020
HTI,nuts_seeds,2.130851666,HTI,2020
HTI,omega3,0.09107177696,HTI,2020
HTI,processed_meat,1.800824489,HTI,2020
HTI,red_meat,18.11336292,HTI,2020
HTI,vegetables,26.48811361,HTI,2020
HTI,whole_grains,33.01546784,HTI,2020
HUN,fruits,102.2696796,HUN,2020
HUN,legumes,5.332494501,HUN,2020
HUN,nuts_seeds,0.9930907149,HUN,2020
HUN,omega3,0.2698579237,HUN,2020
HUN,processed_meat,13.06017615,HUN,2020
HUN,red_meat,43.51588569,HUN,2020
HUN,vegetables,161.6575237,HUN,2020
HUN,whole_grains,20.84922884,HUN,2020
IDN,fruits,94.9758639,IDN,2020
IDN,legumes,3.444960062,IDN,2020
IDN,nuts_seeds,4.215750024,IDN,2020
IDN,omega3,0.9135601517,IDN,2020
IDN,processed_meat,1.01721831,IDN,2020
IDN,red_meat,8.562554923,IDN,2020
IDN,vegetables,75.73511405,IDN,2020
IDN,whole_grains,23.63970949,IDN,2020
IND,fruits,18.42396463,IND,2020
IND,legumes,14.39809808,IND,2020
IND,nuts_seeds,2.637254027,IND,2020
IND,omega3,0.2387286989,IND,2020
IND,processed_meat,1.119854586,IND,2020
IND,red_meat,4.257444248,IND,2020
IND,vegetables,119.3773311,IND,2020
IND,whole_grains,43.44894099,IND,2020
IRL,fruits,106.3191789,IRL,2020
IRL,legumes,3.056403766,IRL,2020
IRL,nuts_seeds,3.877657788,IRL,2020
IRL,omega3,0.6620546255,IRL,2020
IRL,processed_meat,18.85810373,IRL,2020
IRL,red_meat,75.32547727,IRL,2020
IRL,vegetables,157.4522804,IRL,2020
IRL,whole_grains,31.82610882,IRL,2020
IRN,fruits,267.706859,IRN,2020
IRN,legumes,3.877309157,IRN,2020
IRN,nuts_seeds,5.4525372,IRN,2020
IRN,omega3,0.3073584186,IRN,2020
IRN,processed_meat,2.883906657,IRN,2020
IRN,red_meat,21.13682718,IRN,2020
IRN,vegetables,200.4621523,IRN,2020
IRN,whole_grains,31.05197469,IRN,2020
IRQ,fruits,129.4255403,IRQ,2020
IRQ,legumes,5.729731857,IRQ,2020
IRQ,nuts_seeds,1.212125264,IRQ,2020
IRQ,omega3,0.1487675574,IRQ,2020
IRQ,processed_meat,3.554406056,IRQ,2020
IRQ,red_meat,11.36368151,IRQ,2020
IRQ,vegetables,170.4827774,IRQ,2020
IRQ,whole_grains,32.37311149,IRQ,2020
ISL,fruits,153.4368093,ISL,2020
ISL,legumes,3.235585242,ISL,2020
ISL,nuts_seeds,3.691720993,ISL,2020
ISL,omega3,1.442079296,ISL,2020
ISL,processed_meat,28.43873241,ISL,2020
ISL,red_meat,101.1310855,ISL,2020
ISL,vegetables,105.7956022,ISL,2020
ISL,whole_grains,20.92988083,ISL,2020
ISR,fruits,217.2541601,ISR,2020
ISR,legumes,7.029246209,ISR,2020
ISR,nuts_seeds,11.90122517,ISR,2020
ISR,omega3,0.7048709416,ISR,2020
ISR,processed_meat,10.58802167,ISR,2020
ISR,red_meat,61.73251865,ISR,2020
ISR,vegetables,267.8907452,ISR,2020
ISR,whole_grains,34.77069388,ISR,2020
ITA,fruits,248.2142256,ITA,2020
ITA,legumes,6.759110158,ITA,2020
ITA,nuts_seeds,4.256488774,ITA,2020
ITA,omega3,0.4175522975,ITA,2020
ITA,processed_meat,18.60437165,ITA,2020
ITA,red_meat,70.19584822,ITA,2020
ITA,vegetables,151.7128742,ITA,2020
ITA,whole_grains,27.32896302,ITA,2020
JAM,fruits,137.6647072,JAM,2020
JAM,legumes,3.404995917,JAM,2020
JAM,nuts_seeds,1.687890787,JAM,2020
JAM,omega3,0.3993906513,JAM,2020
JAM,processed_meat,2.411061548,JAM,2020
JAM,red_meat,18.03475636,JAM,2020
JAM,vegetables,131.1585154,JAM,2020
JAM,whole_grains,21.8844838,JAM,2020
JOR,fruits,101.6981995,JOR,2020
JOR,legumes,6.391404063,JOR,2020
JOR,nuts_seeds,4.568032296,JOR,2020
JOR,omega3,0.1619361189,JOR,2020
JOR,processed_meat,1.885030475,JOR,2020
JOR,red_meat,21.88569765,JOR,2020
JOR,vegetables,158.9451981,JOR,2020
JOR,whole_grains,23.00987212,JOR,2020
JPN,fruits,83.56424716,JPN,2020
JPN,legumes,15.42304494,JPN,2020
JPN,nuts_seeds,2.523890823,JPN,2020
JPN,omega3,1.67203242,JPN,2020
JPN,processed_meat,16.11332534,JPN,2020
JPN,red_meat,38.14470067,JPN,2020
JPN,vegetables,219.1294668,JPN,2020
JPN,whole_grains,19.46869442,JPN,2020
KAZ,fruits,147.5899899,KAZ,2020
KAZ,legumes,3.230975203,KAZ,2020
KAZ,nuts_seeds,2.929300142,KAZ,2020
KAZ,omega3,0.1777046556,KAZ,2020
KAZ,processed_meat,14.471467,KAZ,2020
KAZ,red_meat,80.30943632,KAZ,2020
KAZ,vegetables,248.006594,KAZ,2020
KAZ,whole_grains,25.41620089,KAZ,2020
KEN,fruits,72.11785453,KEN,2020
KEN,legumes,11.89426049,KEN,2020
KEN,nuts_seeds,1.667408979,KEN,2020
KEN,omega3,0.1674568738,KEN,2020
KEN,processed_meat,2.515121226,KEN,2020
KEN,red_meat,23.57617806,KEN,2020
KEN,vegetables,77.2964215,KEN,2020
KEN,whole_grains,96.88238786,KEN,2020
KGZ,fruits,75.39952739,KGZ,2020
KGZ,legumes,2.394169274,KGZ,2020
KGZ,nuts_seeds,2.019895127,KGZ,2020
KGZ,omega3,0.06730248011,KGZ,2020
KGZ,processed_meat,4.716509542,KGZ,2020
KGZ,red_meat,55.74892466,KGZ,2020
KGZ,vegetables,252.8332161,KGZ,2020
KGZ,whole_grains,46.81966449,KGZ,2020
KHM,fruits,30.05491333,KHM,2020
KHM,legumes,5.131951267,KHM,2020
KHM,nuts_seeds,4.049771502,KHM,2020
KHM,omega3,1.201555901,KHM,2020
KHM,processed_meat,0.9609894333,KHM,2020
KHM,red_meat,19.57724065,KHM,2020
KHM,vegetables,31.5839209,KHM,2020
KHM,whole_grains,1.803533499,KHM,2020
KOR,fruits,148.429452,KOR,2020
KOR,legumes,6.283241563,KOR,2020
KOR,nuts_seeds,5.325491224,KOR,2020
KOR,omega3,0.7626059305,KOR,2020
KOR,processed_meat,8.717305583,KOR,2020
KOR,red_meat,69.50270471,KOR,2020
KOR,vegetables,208.5560985,KOR,2020
KOR,whole_grains,22.59902348,KOR,2020
LAO,fruits,138.1371961,LAO,2020
LAO,legumes,1.838440318,LAO,2020
LAO,nuts_seeds,5.189611364,LAO,2020
LAO,omega3,0.9589049502,LAO,2020
LAO,processed_meat,1.330731808,LAO,2020
LAO,red_meat,38.11088554,LAO,2020
LAO,vegetables,144.9857357,LAO,2020
LAO,whole_grains,15.43689125,LAO,2020
LBN,fruits,184.1851015,LBN,2020
LBN,legumes,7.019318251,LBN,2020
LBN,nuts_seeds,8.933575966,LBN,2020
LBN,omega3,0.2076319626,LBN,2020
LBN,processed_meat,2.669580487,LBN,2020
LBN,red_meat,25.86542312,LBN,2020
LBN,vegetables,216.8285552,LBN,2020
LBN,whole_grains,25.20468407,LBN,2020
LBR,fruits,54.30951234,LBR,2020
LBR,legumes,1.265596425,LBR,2020
LBR,nuts_seeds,1.698061288,LBR,2020
LBR,omega3,0.1316811391,LBR,2020
LBR,processed_meat,2.618260028,LBR,2020
LBR,red_meat,15.19903123,LBR,2020
LBR,vegetables,23.34671885,LBR,2020
LBR,whole_grains,3.858969243,LBR,2020
LBY,fruits,189.9761152,LBY,2020
LBY,legumes,3.766797328,LBY,2020
LBY,nuts_seeds,4.088714705,LBY,2020
LBY,omega3,0.3196006726,LBY,2020
LBY,processed_meat,3.631617707,LBY,2020
LBY,red_meat,20.82498943,LBY,2020
LBY,vegetables,155.1348634,LBY,2020
LBY,whole_grains,24.63476018,LBY,2020
LKA,fruits,115.1705847,LKA,2020
LKA,legumes,8.200150178,LKA,2020
LKA,nuts_seeds,1.895241953,LKA,2020
LKA,omega3,0.6326454285,LKA,2020
LKA,processed_meat,1.306876454,LKA,2020
LKA,red_meat,3.102592958,LKA,2020
LKA,vegetables,90.1898662,LKA,2020
LKA,whole_grains,15.90895208,LKA,2020
LSO,fruits,19.9316592,LSO,2020
LSO,legumes,2.727107363,LSO,2020
LSO,nuts_seeds,2.932208726,LSO,2020
LSO,omega3,0.05401250231,LSO,2020
LSO,processed_meat,1.355469702,LSO,2020
LSO,red_meat,15.97270455,LSO,2020
LSO,vegetables,30.82012879,LSO,2020
LSO,whole_grains,151.9549898,LSO,2020
LTU,fruits,76.90574592,LTU,2020
LTU,legumes,2.547807191,LTU,2020
LTU,nuts_seeds,3.13253086,LTU,2020
LTU,omega3,0.5987612305,LTU,2020
LTU,processed_meat,66.68633686,LTU,2020
LTU,red_meat,63.90918035,LTU,2020
LTU,vegetables,143.5913883,LTU,2020
LTU,whole_grains,38.41885368,LTU,2020
LUX,fruits,154.3099128,LUX,2020
LUX,legumes,1.210100387,LUX,2020
LUX,nuts_seeds,2.174541491,LUX,2020
LUX,omega3,0.595344765,LUX,2020
LUX,processed_meat,58.72777074,LUX,2020
LUX,red_meat,90.66614101,LUX,2020
LUX,vegetables,144.2819222,LUX,2020
LUX,whole_grains,21.47505911,LUX,2020
LVA,fruits,76.35575144,LVA,2020
LVA,legumes,1.916475907,LVA,2020
LVA,nuts_seeds,2.921831721,LVA,2020
LVA,omega3,0.4811058602,LVA,2020
LVA,processed_meat,59.239283,LVA,2020
LVA,red_meat,46.0663935,LVA,2020
LVA,vegetables,152.6888834,LVA,2020
LVA,whole_grains,39.89969603,LVA,2020
MAR,fruits,197.9737806,MAR,2020
MAR,legumes,14.29629709,MAR,2020
MAR,nuts_seeds,2.840017154,MAR,2020
MAR,omega3,0.3120510783,MAR,2020
MAR,processed_meat,2.737188657,MAR,2020
MAR,red_meat,28.98130099,MAR,2020
MAR,vegetables,167.6617689,MAR,2020
MAR,whole_grains,98.00424991,MAR,2020
MDA,fruits,129.1827587,MDA,2020
MDA,legumes,4.101325634,MDA,2020
MDA,nuts_seeds,2.325124499,MDA,2020
MDA,omega3,0.3593266828,MDA,2020
MDA,processed_meat,12.06772008,MDA,2020
MDA,red_meat,26.49977043,MDA,2020
MDA,vegetables,123.1629586,MDA,2020
MDA,whole_grains,36.25678928,MDA,2020
MDG,fruits,55.45729704,MDG,2020
MDG,legumes,2.114282358,MDG,2020
MDG,nuts_seeds,0.4704589219,MDG,2020
MDG,omega3,0.1194173259,MDG,2020
MDG,processed_meat,1.638721702,MDG,2020
MDG,red_meat,8.028199961,MDG,2020
MDG,vegetables,20.28684814,MDG,2020
MDG,whole_grains,13.96659185,MDG,2020
MEX,fruits,158.5369194,MEX,2020
MEX,legumes,11.79864058,MEX,2020
MEX,nuts_seeds,2.867795563,MEX,2020
MEX,omega3,0.3624871909,MEX,2020
MEX,processed_meat,4.624412468,MEX,2020
MEX,red_meat,60.19153658,MEX,2020
MEX,vegetables,101.5306771,MEX,2020
MEX,whole_grains,127.606413,MEX,2020
MKD,fruits,158.3770556,MKD,2020
MKD,legumes,5.01137036,MKD,2020
MKD,nuts_seeds,5.170851849,MKD,2020
MKD,omega3,0.1763696927,MKD,2020
MKD,processed_meat,8.47139027,MKD,2020
MKD,red_meat,27.00186715,MKD,2020
MKD,vegetables,348.4554365,MKD,2020
MKD,whole_grains,37.12459467,MKD,2020
MLI,fruits,95.2543073,MLI,2020
MLI,legumes,7.182809057,MLI,2020
MLI,nuts_seeds,8.207291166,MLI,2020
MLI,omega3,0.2758726537,MLI,2020
MLI,processed_meat,3.314183739,MLI,2020
MLI,red_meat,33.74058298,MLI,2020
MLI,vegetables,117.2396224,MLI,2020
MLI,whole_grains,154.609161,MLI,2020
MLT,fruits,148.5241869,MLT,2020
MLT,legumes,4.04449132,MLT,2020
MLT,nuts_seeds,4.24106591,MLT,2020
MLT,omega3,0.5761443081,MLT,2020
MLT,processed_meat,26.48897095,MLT,2020
MLT,red_meat,55.8778111,MLT,2020
MLT,vegetables,197.1539038,MLT,2020
MLT,whole_grains,24.31531807,MLT,2020
MMR,fruits,67.26832981,MMR,2020
MMR,legumes,9.179284226,MMR,2020
MMR,nuts_seeds,12.5299955,MMR,2020
MMR,omega3,1.276055108,MMR,2020
MMR,processed_meat,1.076522499,MMR,2020
MMR,red_meat,37.79928047,MMR,2020
MMR,vegetables,105.77354,MMR,2020
MMR,whole_grains,8.4809424,MMR,2020
MNE,fruits,186.0071034,MNE,2020
MNE,legumes,3.782440952,MNE,2020
MNE,nuts_seeds,3.035371385,MNE,2020
MNE,omega3,0.2863091731,MNE,2020
MNE,processed_meat,16.74474064,MNE,2020
MNE,red_meat,75.66938102,MNE,2020
MNE,vegetables,130.0545159,MNE,2020
MNE,whole_grains,26.20773472,MNE,2020
MNG,fruits,22.22511733,MNG,2020
MNG,legumes,0.4496353548,MNG,2020
MNG,nuts_seeds,0.9835183905,MNG,2020
MNG,omega3,0.06056920621,MNG,2020
MNG,processed_meat,21.42467001,MNG,2020
MNG,red_meat,198.4070065,MNG,2020
MNG,vegetables,90.94734168,MNG,2020
MNG,whole_grains,24.42240948,MNG,2020
MOZ,fruits,38.89973752,MOZ,2020
MOZ,legumes,7.054537045,MOZ,2020
MOZ,nuts_seeds,3.095641644,MOZ,2020
MOZ,omega3,0.185050022,MOZ,2020
MOZ,processed_meat,1.215595005,MOZ,2020
MOZ,red_meat,8.529465546,MOZ,2020
MOZ,vegetables,38.25405521,MOZ,2020
MOZ,whole_grains,75.84679195,MOZ,2020
MRT,fruits,21.79080563,MRT,2020
MRT,legumes,7.755005919,MRT,2020
MRT,nuts_seeds,0.6012020304,MRT,2020
MRT,omega3,0.2470730297,MRT,2020
MRT,processed_meat,5.423014956,MRT,2020
MRT,red_meat,44.87309821,MRT,2020
MRT,vegetables,37.45160493,MRT,2020
MRT,whole_grains,45.7805753,MRT,2020
MUS,fruits,51.69382523,MUS,2020
MUS,legumes,6.768131714,MUS,2020
MUS,nuts_seeds,2.837211264,MUS,2020
MUS,omega3,0.4870347364,MUS,2020
MUS,processed_meat,1.75122323,MUS,2020
MUS,red_meat,21.25133983,MUS,2020
MUS,vegetables,109.2490105,MUS,2020
MUS,whole_grains,21.25402831,MUS,2020
MWI,fruits,114.8671114,MWI,2020
MWI,legumes,13.09361975,MWI,2020
MWI,nuts_seeds,0.6847844313,MWI,2020
MWI,omega3,0.3224988226,MWI,2020
MWI,processed_meat,1.198372446,MWI,2020
MWI,red_meat,25.44711776,MWI,2020
MWI,vegetables,68.77885401,MWI,2020
MWI,whole_grains,160.4975941,MWI,2020
MYS,fruits,74.36138758,MYS,2020
MYS,legumes,8.239344461,MYS,2020
MYS,nuts_seeds,3.25689046,MYS,2020
MYS,omega3,1.114313711,MYS,2020
MYS,processed_meat,4.00473037,MYS,2020
MYS,red_meat,23.20950538,MYS,2020
MYS,vegetables,100.4001057,MYS,2020
MYS,whole_grains,17.2197019,MYS,2020
NAM,fruits,33.17639856,NAM,2020
NAM,legumes,5.361785559,NAM,2020
NAM,nuts_seeds,0.893100707,NAM,2020
NAM,omega3,0.2346099792,NAM,2020
NAM,processed_meat,6.501652679,NAM,2020
NAM,red_meat,32.88301692,NAM,2020
NAM,vegetables,38.66858526,NAM,2020
NAM,whole_grains,81.75423925,NAM,2020
NER,fruits,26.36496226,NER,2020
NER,legumes,24.65711493,NER,2020
NER,nuts_seeds,15.24691948,NER,2020
NER,omega3,0.08744685621,NER,2020
NER,processed_meat,2.555000825,NER,2020
NER,red_meat,16.08251725,NER,2020
NER,vegetables,125.431783,NER,2020
NER,whole_grains,156.6024451,NER,2020
NGA,fruits,80.68960521,NGA,2020
NGA,legumes,7.66448846,NGA,2020
NGA,nuts_seeds,11.65187579,NGA,2020
NGA,omega3,0.2701334187,NGA,2020
NGA,processed_meat,6.074549184,NGA,2020
NGA,red_meat,13.41990889,NGA,2020
NGA,vegetables,88.43234607,NGA,2020
NGA,whole_grains,82.0798442,NGA,2020
NIC,fruits,41.10324059,NIC,2020
NIC,legumes,9.934597629,NIC,2020
NIC,nuts_seeds,1.84609583,NIC,2020
NIC,omega3,0.1235224612,NIC,2020
NIC,processed_meat,1.989878912,NIC,2020
NIC,red_meat,11.56345773,NIC,2020
NIC,vegetables,55.33463408,NIC,2020
NIC,whole_grains,79.26815872,NIC,2020
NLD,fruits,169.9651751,NLD,2020
NLD,legumes,2.988516303,NLD,2020
NLD,nuts_seeds,4.775939528,NLD,2020
NLD,omega3,0.5227435821,NLD,2020
NLD,processed_meat,15.83516614,NLD,2020
NLD,red_meat,61.14997218,NLD,2020
NLD,vegetables,109.6850495,NLD,2020
NLD,whole_grains,31.57789836,NLD,2020
NOR,fruits,161.9736142,NOR,2020
NOR,legumes,5.54786372,NOR,2020
NOR,nuts_seeds,4.658774698,NOR,2020
NOR,omega3,0.9649084521,NOR,2020
NOR,processed_meat,55.48210823,NOR,2020
NOR,red_meat,78.73524006,NOR,2020
NOR,vegetables,117.7223851,NOR,2020
NOR,whole_grains,32.66786101,NOR,2020
NPL,fruits,86.70000524,NPL,2020
NPL,legumes,8.201253714,NPL,2020
NPL,nuts_seeds,1.743041411,NPL,2020
NPL,omega3,0.1160339955,NPL,2020
NPL,processed_meat,1.825803189,NPL,2020
NPL,red_meat,25.48981303,NPL,2020
NPL,vegetables,95.35148805,NPL,2020
NPL,whole_grains,59.02897829,NPL,2020
NZL,fruits,138.0890883,NZL,2020
NZL,legumes,4.046865779,NZL,2020
NZL,nuts_seeds,6.497581684,NZL,2020
NZL,omega3,0.4642799731,NZL,2020
NZL,processed_meat,16.17600492,NZL,2020
NZL,red_meat,96.90639527,NZL,2020
NZL,vegetables,133.6177123,NZL,2020
NZL,whole_grains,25.0520302,NZL,2020
OMN,fruits,222.0339713,OMN,2020
OMN,legumes,3.921819366,OMN,2020
OMN,nuts_seeds,1.397629569,OMN,2020
OMN,omega3,0.4828346985,OMN,2020
OMN,processed_meat,8.02547539,OMN,2020
OMN,red_meat,46.34577872,OMN,2020
OMN,vegetables,197.0686962,OMN,2020
OMN,whole_grains,24.60162401,OMN,2020
PAK,fruits,63.86896161,PAK,2020
PAK,legumes,3.458419862,PAK,2020
PAK,nuts_seeds,0.4787258323,PAK,2020
PAK,omega3,0.08186817288,PAK,2020
PAK,processed_meat,3.091665399,PAK,2020
PAK,red_meat,24.49139044,PAK,2020
PAK,vegetables,38.83260647,PAK,2020
PAK,whole_grains,40.62934104,PAK,2020
PAN,fruits,110.6688777,PAN,2020
PAN,legumes,4.814033817,PAN,2020
PAN,nuts_seeds,1.333538956,PAN,2020
PAN,omega3,0.3818745059,PAN,2020
PAN,processed_meat,7.298384627,PAN,2020
PAN,red_meat,44.42671924,PAN,2020
PAN,vegetables,55.55125926,PAN,2020
PAN,whole_grains,32.324194,PAN,2020
PER,fruits,153.4621874,PER,2020
PER,legumes,7.191124004,PER,2020
PER,nuts_seeds,0.9088151303,PER,2020
PER,omega3,0.5018865839,PER,2020
PER,processed_meat,1.7067165,PER,2020
PER,red_meat,20.81683636,PER,2020
PER,vegetables,70.10753958,PER,2020
PER,whole_grains,27.42607031,PER,2020
PHL,fruits,120.8929792,PHL,2020
PHL,legumes,2.627234217,PHL,2020
PHL,nuts_seeds,3.705710791,PHL,2020
PHL,omega3,0.6996097423,PHL,2020
PHL,processed_meat,4.386033378,PHL,2020
PHL,red_meat,40.0366774,PHL,2020
PHL,vegetables,70.96100841,PHL,2020
PHL,whole_grains,26.90518889,PHL,2020
PNG,fruits,115.4807917,PNG,2020
PNG,legumes,5.05939251,PNG,2020
PNG,nuts_seeds,0.834414334,PNG,2020
PNG,omega3,0.2969621058,PNG,2020
PNG,processed_meat,1.82948896,PNG,2020
PNG,red_meat,25.15663523,PNG,2020
PNG,vegetables,28.20622234,PNG,2020
PNG,whole_grains,10.23826862,PNG,2020
POL,fruits,96.81977162,POL,2020
POL,legumes,3.211519521,POL,2020
POL,nuts_seeds,1.79460972,POL,2020
POL,omega3,0.2977355148,POL,2020
POL,processed_meat,9.917447664,POL,2020
POL,red_meat,65.09596775,POL,2020
POL,vegetables,216.2664784,POL,2020
POL,whole_grains,47.38886532,POL,2020
PRI,fruits,180.9332658,PRI,2020
PRI,legumes,6.171620917,PRI,2020
PRI,nuts_seeds,2.384345588,PRI,2020
PRI,omega3,0.6165887407,PRI,2020
PRI,processed_meat,5.943463728,PRI,2020
PRI,red_meat,28.543553,PRI,2020
PRI,vegetables,48.52619354,PRI,2020
PRI,whole_grains,22.53276965,PRI,2020
PRT,fruits,219.4743227,PRT,2020
PRT,legumes,4.372444556,PRT,2020
PRT,nuts_seeds,2.687352779,PRT,2020
PRT,omega3,0.7568055529,PRT,2020
PRT,processed_meat,9.092570823,PRT,2020
PRT,red_meat,80.94043924,PRT,2020
PRT,vegetables,192.1649971,PRT,2020
PRT,whole_grains,33.03781118,PRT,2020
PRY,fruits,136.157756,PRY,2020
PRY,legumes,7.06870718,PRY,2020
PRY,nuts_seeds,2.009348958,PRY,2020
PRY,omega3,0.2770536991,PRY,2020
PRY,processed_meat,6.759105483,PRY,2020
PRY,red_meat,50.84352606,PRY,2020
PRY,vegetables,67.91546755,PRY,2020
PRY,whole_grains,88.75503472,PRY,2020
PSE,fruits,120.0882177,PSE,2020
PSE,legumes,3.39965353,PSE,2020
PSE,nuts_seeds,1.84672874,PSE,2020
PSE,omega3,0.1104996378,PSE,2020
PSE,processed_meat,2.586644126,PSE,2020
PSE,red_meat,16.39809392,PSE,2020
PSE,vegetables,91.34333921,PSE,2020
PSE,whole_grains,25.81332141,PSE,2020
ROU,fruits,167.5103909,ROU,2020
ROU,legumes,2.809969769,ROU,2020
ROU,nuts_seeds,1.827343386,ROU,2020
ROU,omega3,0.2450149742,ROU,2020
ROU,processed_meat,16.12177344,ROU,2020
ROU,red_meat,56.75778318,ROU,2020
ROU,vegetables,313.7189606,ROU,2020
ROU,whole_grains,48.88095045,ROU,2020
RUS,fruits,102.001911,RUS,2020
RUS,legumes,2.540087818,RUS,2020
RUS,nuts_seeds,1.526414688,RUS,2020
RUS,omega3,0.5452208836,RUS,2020
RUS,processed_meat,20.84768185,RUS,2020
RUS,red_meat,55.3990806,RUS,2020
RUS,vegetables,150.2859704,RUS,2020
RUS,whole_grains,33.17977202,RUS,2020
RWA,fruits,209.1432245,RWA,2020
RWA,legumes,23.94759274,RWA,2020
RWA,nuts_seeds,1.957697961,RWA,2020
RWA,omega3,0.1076981808,RWA,2020
RWA,processed_meat,1.812895559,RWA,2020
RWA,red_meat,14.26641637,RWA,2020
RWA,vegetables,41.85747572,RWA,2020
RWA,whole_grains,48.44021065,RWA,2020
SAU,fruits,125.0286326,SAU,2020
SAU,legumes,5.340806752,SAU,2020
SAU,nuts_seeds,2.422948905,SAU,2020
SAU,omega3,0.3461340944,SAU,2020
SAU,processed_meat,2.722925176,SAU,2020
SAU,red_meat,21.17372986,SAU,2020
SAU,vegetables,116.7662621,SAU,2020
SAU,whole_grains,49.75065718,SAU,2020
SDN,fruits,106.3656637,SDN,2020
SDN,legumes,6.486777316,SDN,2020
SDN,nuts_seeds,6.28382873,SDN,2020
SDN,omega3,0.05647236792,SDN,2020
SDN,processed_meat,1.476083937,SDN,2020
SDN,red_meat,35.39408565,SDN,2020
SDN,vegetables,134.1628333,SDN,2020
SDN,whole_grains,92.99911389,SDN,2020
SEN,fruits,47.25697304,SEN,2020
SEN,legumes,3.891651331,SEN,2020
SEN,nuts_seeds,9.190923869,SEN,2020
SEN,omega3,0.412682428,SEN,2020
SEN,processed_meat,7.457948045,SEN,2020
SEN,red_meat,23.8262608,SEN,2020
SEN,vegetables,85.25533491,SEN,2020
SEN,whole_grains,60.62198592,SEN,2020
SLB,fruits,120.430087,SLB,2020
SLB,legumes,6.328668235,SLB,2020
SLB,nuts_seeds,0.8152754998,SLB,2020
SLB,omega3,0.5262686836,SLB,2020
SLB,processed_meat,0.8045707226,SLB,2020
SLB,red_meat,13.12151906,SLB,2020
SLB,vegetables,12.22212065,SLB,2020
SLB,whole_grains,5.05078272,SLB,2020
SLE,fruits,45.33962449,SLE,2020
SLE,legumes,6.019038733,SLE,2020
SLE,nuts_seeds,5.891771081,SLE,2020
SLE,omega3,0.4168912622,SLE,2020
SLE,processed_meat,3.988541026,SLE,2020
SLE,red_meat,8.11021241,SLE,2020
SLE,vegetables,44.86770742,SLE,2020
SLE,whole_grains,16.15457826,SLE,2020
SLV,fruits,102.8949857,SLV,2020
SLV,legumes,11.52223115,SLV,2020
SLV,nuts_seeds,1.407419717,SLV,2020
SLV,omega3,0.196712896,SLV,2020
SLV,processed_meat,2.412187395,SLV,2020
SLV,red_meat,16.59092168,SLV,2020
SLV,vegetables,97.45207477,SLV,2020
SLV,whole_grains,111.3658597,SLV,2020
SOM,fruits,41.94376067,SOM,2020
SOM,legumes,2.475537378,SOM,2020
SOM,nuts_seeds,2.469817651,SOM,2020
SOM,omega3,0.06192460359,SOM,2020
SOM,processed_meat,1.007250776,SOM,2020
SOM,red_meat,35.34518001,SOM,2020
SOM,vegetables,10.32442303,SOM,2020
SOM,whole_grains,53.06577233,SOM,2020
SRB,fruits,213.3361665,SRB,2020
SRB,legumes,3.928491223,SRB,2020
SRB,nuts_seeds,5.644490518,SRB,2020
SRB,omega3,0.2373630025,SRB,2020
SRB,processed_meat,11.75062411,SRB,2020
SRB,red_meat,65.67812538,SRB,2020
SRB,vegetables,148.7076066,SRB,2020
SRB,whole_grains,48.18029996,SRB,2020
SSD,fruits,58.91469321,SSD,2020
SSD,legumes,5.90843416,SSD,2020
SSD,nuts_seeds,15.91734251,SSD,2020
SSD,omega3,0.1211772831,SSD,2020
SSD,processed_meat,1.101917098,SSD,2020
SSD,red_meat,32.85222065,SSD,2020
SSD,vegetables,38.22246127,SSD,2020
SSD,whole_grains,78.51598461,SSD,2020
STP,fruits,50.32704644,STP,2020
STP,legumes,3.592473789,STP,2020
STP,nuts_seeds,8.886374606,STP,2020
STP,omega3,0.4465746764,STP,2020
STP,processed_meat,4.646704996,STP,2020
STP,red_meat,6.672078129,STP,2020
STP,vegetables,23.64097846,STP,2020
STP,whole_grains,26.63545406,STP,2020
SUR,fruits,112.1025378,SUR,2020
SUR,legumes,2.899570251,SUR,2020
SUR,nuts_seeds,1.884513724,SUR,2020
SUR,omega3,0.3329957988,SUR,2020
SUR,processed_meat,3.427367821,SUR,2020
SUR,red_meat,13.63634342,SUR,2020
SUR,vegetables,72.98991835,SUR,2020
SUR,whole_grains,10.99497971,SUR,2020
SVK,fruits,82.47765874,SVK,2020
SVK,legumes,2.369595571,SVK,2020
SVK,nuts_seeds,3.279752158,SVK,2020
SVK,omega3,0.2515288722,SVK,2020
SVK,processed_meat,14.25234551,SVK,2020
SVK,red_meat,41.64873458,SVK,2020
SVK,vegetables,116.0004983,SVK,2020
SVK,whole_grains,20.99635923,SVK,2020
SVN,fruits,157.2750864,SVN,2020
SVN,legumes,1.977125889,SVN,2020
SVN,nuts_seeds,3.537835477,SVN,2020
SVN,omega3,0.2664443673,SVN,2020
SVN,processed_meat,28.3783335,SVN,2020
SVN,red_meat,55.75095315,SVN,2020
SVN,vegetables,128.4145088,SVN,2020
SVN,whole_grains,46.68883256,SVN,2020
SWE,fruits,123.7122965,SWE,2020
SWE,legumes,2.821858873,SWE,2020
SWE,nuts_seeds,4.306741359,SWE,2020
SWE,omega3,0.8173019536,SWE,2020
SWE,processed_meat,33.71771047,SWE,2020
SWE,red_meat,74.93233849,SWE,2020
SWE,vegetables,132.6241159,SWE,2020
SWE,whole_grains,32.19601063,SWE,2020
SWZ,fruits,71.86029006,SWZ,2020
SWZ,legumes,2.684886901,SWZ,2020
SWZ,nuts_seeds,3.819960076,SWZ,2020
SWZ,omega3,0.09006288586,SWZ,2020
SWZ,processed_meat,4.747356997,SWZ,2020
SWZ,red_meat,38.79002261,SWZ,2020
SWZ,vegetables,35.83947794,SWZ,2020
SWZ,whole_grains,86.58999561,SWZ,2020
SYR,fruits,156.39586,SYR,2020
SYR,legumes,7.358684266,SYR,2020
SYR,nuts_seeds,5.92773248,SYR,2020
SYR,omega3,0.07086282414,SYR,2020
SYR,processed_meat,1.215450214,SYR,2020
SYR,red_meat,24.02806118,SYR,2020
SYR,vegetables,124.8330507,SYR,2020
SYR,whole_grains,31.60822255,SYR,2020
TCD,fruits,14.40310896,TCD,2020
TCD,legumes,5.934924001,TCD,2020
TCD,nuts_seeds,3.85339979,TCD,2020
TCD,omega3,0.3497162616,TCD,2020
TCD,processed_meat,4.866230862,TCD,2020
TCD,red_meat,90.37629901,TCD,2020
TCD,vegetables,10.84630342,TCD,2020
TCD,whole_grains,137.478389,TCD,2020
TGO,fruits,14.25370696,TGO,2020
TGO,legumes,5.969583899,TGO,2020
TGO,nuts_seeds,6.120862045,TGO,2020
TGO,omega3,0.2520320187,TGO,2020
TGO,processed_meat,3.760163735,TGO,2020
TGO,red_meat,10.91308495,TGO,2020
TGO,vegetables,24.47185301,TGO,2020
TGO,whole_grains,107.2319197,TGO,2020
THA,fruits,107.3442562,THA,2020
THA,legumes,5.96681287,THA,2020
THA,nuts_seeds,1.73388119,THA,2020
THA,omega3,0.6615413777,THA,2020
THA,processed_meat,1.515224868,THA,2020
THA,red_meat,23.88490188,THA,2020
THA,vegetables,60.85799224,THA,2020
THA,whole_grains,9.589306175,THA,2020
TJK,fruits,86.4923419,TJK,2020
TJK,legumes,2.29550871,TJK,2020
TJK,nuts_seeds,1.275939184,TJK,2020
TJK,omega3,0.03346162143,TJK,2020
TJK,processed_meat,7.034244866,TJK,2020
TJK,red_meat,45.04259443,TJK,2020
TJK,vegetables,299.4968608,TJK,2020
TJK,whole_grains,31.04253709,TJK,2020
TKM,fruits,123.8098069,TKM,2020
TKM,legumes,1.709444376,TKM,2020
TKM,nuts_seeds,1.130238625,TKM,2020
TKM,omega3,0.1938274837,TKM,2020
TKM,processed_meat,12.26629388,TKM,2020
TKM,red_meat,100.8602984,TKM,2020
TKM,vegetables,232.7659383,TKM,2020
TKM,whole_grains,34.10972244,TKM,2020
TLS,fruits,22.51315182,TLS,2020
TLS,legumes,5.756511095,TLS,2020
TLS,nuts_seeds,1.388557701,TLS,2020
TLS,omega3,0.119938888,TLS,2020
TLS,processed_meat,0.8996022788,TLS,2020
TLS,red_meat,19.31228895,TLS,2020
TLS,vegetables,26.38109151,TLS,2020
TLS,whole_grains,52.57753003,TLS,2020
TTO,fruits,67.83297833,TTO,2020
TTO,legumes,5.897128647,TTO,2020
TTO,nuts_seeds,3.174236889,TTO,2020
TTO,omega3,0.3890785512,TTO,2020
TTO,processed_meat,5.013081025,TTO,2020
TTO,red_meat,21.14761488,TTO,2020
TTO,vegetables,61.46349603,TTO,2020
TTO,whole_grains,36.91481085,TTO,2020
TUN,fruits,197.4943143,TUN,2020
TUN,legumes,10.94838912,TUN,2020
TUN,nuts_seeds,6.062890904,TUN,2020
TUN,omega3,0.2314167148,TUN,2020
TUN,processed_meat,1.63583506,TUN,2020
TUN,red_meat,21.37037308,TUN,2020
TUN,vegetables,287.7168039,TUN,2020
TUN,whole_grains,40.58660201,TUN,2020
TUR,fruits,265.7380145,TUR,2020
TUR,legumes,17.84807094,TUR,2020
TUR,nuts_seeds,8.92311834,TUR,2020
TUR,omega3,0.3087634531,TUR,2020
TUR,processed_meat,2.805296552,TUR,2020
TUR,red_meat,31.21656797,TUR,2020
TUR,vegetables,393.801586,TUR,2020
TUR,whole_grains,50.37026265,TUR,2020
TWN,fruits,140.0670546,TWN,2020
TWN,legumes,12.97400561,TWN,2020
TWN,nuts_seeds,6.194184054,TWN,2020
TWN,omega3,0.6112250377,TWN,2020
TWN,processed_meat,5.037171422,TWN,2020
TWN,red_meat,65.31431116,TWN,2020
TWN,vegetables,174.5895973,TWN,2020
TWN,whole_grains,18.3679996,TWN,2020
TZA,fruits,94.15572012,TZA,2020
TZA,legumes,13.91776979,TZA,2020
TZA,nuts_seeds,7.076846398,TZA,2020
TZA,omega3,0.2855066286,TZA,2020
TZA,processed_meat,2.070838281,TZA,2020
TZA,red_meat,18.62523115,TZA,2020
TZA,vegetables,53.71682029,TZA,2020
TZA,whole_grains,84.45007712,TZA,2020
UGA,fruits,190.8703738,UGA,2020
UGA,legumes,13.16020089,UGA,2020
UGA,nuts_seeds,6.965469888,UGA,2020
UGA,omega3,0.5153629608,UGA,2020
UGA,processed_meat,2.214973104,UGA,2020
UGA,red_meat,18.43927395,UGA,2020
UGA,vegetables,36.81508363,UGA,2020
UGA,whole_grains,65.28790728,UGA,2020
UKR,fruits,83.82271183,UKR,2020
UKR,legumes,2.543519279,UKR,2020
UKR,nuts_seeds,1.348594302,UKR,2020
UKR,omega3,0.2970736428,UKR,2020
UKR,processed_meat,6.458002895,UKR,2020
UKR,red_meat,35.52128396,UKR,2020
UKR,vegetables,248.0164652,UKR,2020
UKR,whole_grains,45.36409788,UKR,2020
URY,fruits,167.2163412,URY,2020
URY,legumes,2.085012384,URY,2020
URY,nuts_seeds,1.698612099,URY,2020
URY,omega3,0.222150018,URY,2020
URY,processed_meat,13.46071737,URY,2020
URY,red_meat,69.13226494,URY,2020
URY,vegetables,80.12204717,URY,2020
URY,whole_grains,41.87135254,URY,2020
USA,fruits,147.6831705,USA,2020
USA,legumes,4.697892832,USA,2020
USA,nuts_seeds,11.37512591,USA,2020
USA,omega3,0.3110668163,USA,2020
USA,processed_meat,37.99622627,USA,2020
USA,red_meat,73.30246103,USA,2020
USA,vegetables,161.1851156,USA,2020
USA,whole_grains,28.90935896,USA,2020
UZB,fruits,157.8895392,UZB,2020
UZB,legumes,0.6071100376,UZB,2020
UZB,nuts_seeds,1.30940944,UZB,2020
UZB,omega3,0.1115589215,UZB,2020
UZB,processed_meat,8.719809875,UZB,2020
UZB,red_meat,65.00264702,UZB,2020
UZB,vegetables,414.2928906,UZB,2020
UZB,whole_grains,37.18273074,UZB,2020
VEN,fruits,109.5146856,VEN,2020
VEN,legumes,6.239439574,VEN,2020
VEN,nuts_seeds,0.2586176195,VEN,2020
VEN,omega3,0.1993944932,VEN,2020
VEN,processed_meat,2.129755479,VEN,2020
VEN,red_meat,34.9604499,VEN,2020
VEN,vegetables,75.60600992,VEN,2020
VEN,whole_grains,49.2772479,VEN,2020
VNM,fruits,95.69495433,VNM,2020
VNM,legumes,5.824577885,VNM,2020
VNM,nuts_seeds,4.21719063,VNM,2020
VNM,omega3,0.8589219269,VNM,2020
VNM,processed_meat,0.8926198287,VNM,2020
VNM,red_meat,52.52657617,VNM,2020
VNM,vegetables,148.9023887,VNM,2020
VNM,whole_grains,14.11803643,VNM,2020
VUT,fruits,107.8670108,VUT,2020
VUT,legumes,6.490444544,VUT,2020
VUT,nuts_seeds,1.3784246,VUT,2020
VUT,omega3,0.4898102074,VUT,2020
VUT,processed_meat,0.8174565447,VUT,2020
VUT,red_meat,39.75514663,VUT,2020
VUT,vegetables,44.67069105,VUT,2020
VUT,whole_grains,6.697873735,VUT,2020
YEM,fruits,51.09369189,YEM,2020
YEM,legumes,3.413680711,YEM,2020
YEM,nuts_seeds,1.139173475,YEM,2020
YEM,omega3,0.07659007268,YEM,2020
YEM,processed_meat,1.605927065,YEM,2020
YEM,red_meat,15.86617488,YEM,2020
YEM,vegetables,33.22635316,YEM,2020
YEM,whole_grains,46.30674838,YEM,2020
ZAF,fruits,32.76713107,ZAF,2020
ZAF,legumes,2.707946381,ZAF,2020
ZAF,nuts_seeds,1.097831691,ZAF,2020
ZAF,omega3,0.1982382814,ZAF,2020
ZAF,processed_meat,3.78514993,ZAF,2020
ZAF,red_meat,51.30039677,ZAF,2020
ZAF,vegetables,63.25198384,ZAF,2020
ZAF,whole_grains,106.3331512,ZAF,2020
ZMB,fruits,12.68361868,ZMB,2020
ZMB,legumes,3.201235882,ZMB,2020
ZMB,nuts_seeds,7.557584418,ZMB,2020
ZMB,omega3,0.364097006,ZMB,2020
ZMB,processed_meat,3.252350175,ZMB,2020
ZMB,red_meat,31.50095849,ZMB,2020
ZMB,vegetables,27.61593866,ZMB,2020
ZMB,whole_grains,126.5579117,ZMB,2020
ZWE,fruits,18.94460838,ZWE,2020
ZWE,legumes,2.135609178,ZWE,2020
ZWE,nuts_seeds,2.073731548,ZWE,2020
ZWE,omega3,0.139826932,ZWE,2020
ZWE,processed_meat,2.001291284,ZWE,2020
ZWE,red_meat,85.50039568,ZWE,2020
ZWE,vegetables,15.84922287,ZWE,2020
ZWE,whole_grains,97.24381938,ZWE,2020
